c00000001|John|Smith|smith1@gmail.com|6140000001
c00000002|Gary|Doe|doe2@gmail.com|6140000002
c00000003|Jane|Johnson|johnson3@gmail.com|6140000003
c00000004|Jack|Smith|smith4@gmail.com|6140000004
c00000005|Sue|Doe|doe5@gmail.com|6140000005
c00000006|Tom|Johnson|johnson6@gmail.com|6140000006
c00000007|Carrie|Smith|smith7@gmail.com|6140000007
c00000008|Luke|Doe|doe8@gmail.com|6140000008
c00000009|Jerry|Johnson|johnson9@gmail.com|6140000009
c00000010|Don|Smith|smith10@gmail.com|6140000010
c00000011|John|Doe|doe11@gmail.com|6140000011
c00000012|Gary|Johnson|johnson12@gmail.com|6140000012
c00000013|Jane|Smith|smith13@gmail.com|6140000013
c00000014|Jack|Doe|doe14@gmail.com|6140000014
c00000015|Sue|Johnson|johnson15@gmail.com|6140000015
c00000016|Tom|Smith|smith16@gmail.com|6140000016
c00000017|Carrie|Doe|doe17@gmail.com|6140000017
c00000018|Luke|Johnson|johnson18@gmail.com|6140000018
c00000019|Jerry|Smith|smith19@gmail.com|6140000019
c00000020|Don|Doe|doe20@gmail.com|6140000020
